Trial,A,W,Direction,Method,MT,Result
0,0.3,0.1,-1,Pinch,5.006804,MISS
1,0.6,0.1,-1,False,1.413194,HIT
2,0.3,0.18,-1,Pinch,5.005846,MISS
3,0.6,0.18,-1,False,0.9941521,HIT
4,0.3,0.1,1,Pinch,5.005425,MISS
5,0.6,0.1,1,False,1.114573,HIT
6,0.3,0.18,1,Pinch,5.010031,MISS
7,0.6,0.18,1,False,0.849968,HIT
8,0.3,0.1,-1,Pinch,5.010981,MISS
9,0.6,0.1,-1,False,0.8290176,HIT
10,0.3,0.18,-1,Pinch,5.003647,MISS
11,0.6,0.18,-1,False,1.596352,HIT
12,0.3,0.1,1,Pinch,5.002895,MISS
13,0.6,0.1,1,Touch,5.00227,MISS
14,0.3,0.18,1,Pinch,5.002018,MISS
15,0.6,0.18,1,Touch,5.002689,MISS
0,0.3,0.1,-1,Pinch,5.012115,MISS
1,0.6,0.1,-1,False,2.527882,HIT
2,0.3,0.18,-1,Pinch,5.004984,MISS
3,0.6,0.18,-1,False,1.155014,HIT
4,0.3,0.1,1,Pinch,5.004919,MISS
5,0.6,0.1,1,Touch,5.001976,MISS
6,0.3,0.18,1,Pinch,5.012484,MISS
7,0.6,0.18,1,Touch,5.013044,MISS
8,0.3,0.1,-1,Pinch,5.01239,MISS
9,0.6,0.1,-1,Touch,5.011005,MISS
0,0.3,0.1,-1,Pinch,5.001718,MISS
1,0.6,0.1,-1,False,4.218278,HIT
2,0.3,0.18,-1,Pinch,5.012205,MISS
3,0.6,0.18,-1,False,1.207793,HIT
4,0.3,0.1,1,Pinch,5.001112,MISS
5,0.6,0.1,1,False,1.298885,HIT
6,0.3,0.18,1,Pinch,5.007046,MISS
7,0.6,0.18,1,False,1.232952,HIT
0,0.3,0.1,-1,Pinch,5.001911,MISS
1,0.6,0.1,-1,Touch,5.012857,MISS
2,0.3,0.18,-1,Pinch,5.010812,MISS
3,0.6,0.18,-1,False,1.694413,HIT
4,0.3,0.1,1,Pinch,5.001755,MISS
5,0.6,0.1,1,False,1.118244,HIT
6,0.3,0.18,1,Pinch,5.006889,MISS
7,0.6,0.18,1,False,1.273108,HIT
8,0.3,0.1,-1,Pinch,5.005007,MISS
9,0.6,0.1,-1,False,2.554993,HIT
10,0.3,0.18,-1,Pinch,5.004139,MISS
11,0.6,0.18,-1,False,1.295856,HIT
12,0.3,0.1,1,Pinch,5.009911,MISS
13,0.6,0.1,1,False,1.230087,HIT
14,0.3,0.18,1,Pinch,5.006542,MISS
15,0.6,0.18,1,False,0.8334579,HIT
16,0.3,0.1,-1,Pinch,5.013199,MISS
17,0.6,0.1,-1,False,1.066795,HIT
18,0.3,0.18,-1,Pinch,5.003548,MISS
0,0.3,0.1,-1,Pinch,5.007697,MISS
1,0.6,0.1,-1,False,1.032301,HIT
2,0.3,0.18,-1,Pinch,5.010091,MISS
3,0.6,0.18,-1,Touch,5.012566,MISS
4,0.3,0.1,1,Pinch,5.010431,MISS
5,0.6,0.1,1,Touch,5.01107,MISS
6,0.3,0.18,1,Pinch,5.011801,MISS
7,0.6,0.18,1,False,1.244032,HIT
8,0.3,0.1,-1,Pinch,5.004765,MISS
9,0.6,0.1,-1,Touch,5.001469,MISS
10,0.3,0.18,-1,Pinch,5.012466,MISS
0,0.3,0.1,-1,Pinch,5.00603,MISS
1,0.6,0.1,-1,False,1.373968,HIT
2,0.3,0.18,-1,Pinch,5.002847,MISS
3,0.6,0.18,-1,False,1.477151,HIT
4,0.3,0.1,1,Pinch,5.010392,MISS
5,0.6,0.1,1,False,0.9496059,HIT
6,0.3,0.18,1,Pinch,5.00812,MISS
7,0.6,0.18,1,False,1.271877,HIT
8,0.3,0.1,-1,Pinch,5.006348,MISS
9,0.6,0.1,-1,False,1.29365,HIT
10,0.3,0.18,-1,Pinch,5.010572,MISS
11,0.6,0.18,-1,False,0.629425,HIT
12,0.3,0.1,1,Pinch,5.010017,MISS
13,0.6,0.1,1,False,1.509983,HIT
14,0.3,0.18,1,Pinch,5.005039,MISS
15,0.6,0.18,1,False,1.034958,HIT
16,0.3,0.1,-1,Pinch,5.006687,MISS
17,0.6,0.1,-1,False,2.35331,HIT
18,0.3,0.18,-1,Pinch,5.011005,MISS
19,0.6,0.18,-1,Touch,5.002548,MISS
20,0.3,0.1,1,Pinch,5.004677,MISS
0,0.3,0.1,-1,Pinch,5.01333,MISS
1,0.6,0.1,-1,Touch,5.032951,MISS
0,0.3,0.1,-1,Pinch,5.012543,MISS
1,0.6,0.1,-1,Touch,5.000038,MISS
2,0.3,0.18,-1,Pinch,5.011001,MISS
3,0.6,0.18,-1,False,1.836413,HIT
4,0.3,0.1,1,Pinch,5.013206,MISS
5,0.6,0.1,1,False,1.66679,HIT
6,0.3,0.18,1,Pinch,5.000444,MISS
7,0.6,0.18,1,Touch,5.012768,MISS
8,0.3,0.1,-1,Pinch,5.010647,MISS
9,0.6,0.1,-1,Touch,5.004974,MISS
10,0.3,0.18,-1,Pinch,5.004528,MISS
11,0.6,0.18,-1,Touch,5.001125,MISS
12,0.3,0.1,1,Pinch,5.00042,MISS
13,0.6,0.1,1,Touch,5.002499,MISS
14,0.3,0.18,1,Pinch,5.001293,MISS
15,0.6,0.18,1,Touch,5.005386,MISS
16,0.3,0.1,-1,Pinch,5.001244,MISS
17,0.6,0.1,-1,Touch,5.009048,MISS
18,0.3,0.18,-1,Pinch,5.001259,MISS
19,0.6,0.18,-1,Touch,5.004051,MISS
20,0.3,0.1,1,Pinch,5.013847,MISS
21,0.6,0.1,1,Touch,5.011551,MISS
22,0.3,0.18,1,Pinch,5.011787,MISS
23,0.6,0.18,1,Touch,5.011208,MISS
24,0.3,0.1,-1,Pinch,5.011864,MISS
25,0.6,0.1,-1,Touch,5.011749,MISS
26,0.3,0.18,-1,Pinch,5.01194,MISS
27,0.6,0.18,-1,Touch,5.011261,MISS
28,0.3,0.1,1,Pinch,5.010742,MISS
29,0.6,0.1,1,Touch,5.012054,MISS
30,0.3,0.18,1,Pinch,5.011276,MISS
31,0.6,0.18,1,Touch,5.011398,MISS
0,0.3,0.1,-1,True,1.257434,HIT
1,0.6,0.1,-1,Touch,5.006219,MISS
2,0.3,0.18,-1,True,0.5012088,HIT
3,0.6,0.18,-1,False,2.735134,HIT
4,0.3,0.1,1,True,1.78,HIT
5,0.6,0.1,1,False,1.86,HIT
6,0.3,0.18,1,True,1.759999,HIT
7,0.6,0.18,1,False,2.059999,HIT
8,0.3,0.1,-1,Pinch,5.000757,MISS
9,0.6,0.1,-1,Touch,5.000525,MISS
10,0.3,0.18,-1,True,0.0609436,HIT
11,0.6,0.18,-1,Touch,5.000685,MISS
12,0.3,0.1,1,True,0.007823944,HIT
13,0.6,0.1,1,Touch,5.000748,MISS
14,0.3,0.18,1,Pinch,5.008308,MISS
15,0.6,0.18,1,False,3.500202,HIT
16,0.3,0.1,-1,True,1.099998,HIT
17,0.6,0.1,-1,Touch,5.007706,MISS
18,0.3,0.18,-1,True,0.01407242,HIT
19,0.6,0.18,-1,Touch,5.012089,MISS
20,0.3,0.1,1,True,0.01396561,HIT
21,0.6,0.1,1,Touch,5.01128,MISS
22,0.3,0.18,1,True,0.01395416,HIT
23,0.6,0.18,1,Touch,5.011314,MISS
24,0.3,0.1,-1,True,0.01407623,HIT
0,0.3,0.1,-1,True,1.244655,HIT
1,0.6,0.1,-1,False,1.275344,HIT
2,0.3,0.18,-1,True,1.44,HIT
3,0.6,0.18,-1,Touch,5.013298,MISS
4,0.3,0.1,1,True,0.01396561,HIT
5,0.6,0.1,1,False,1.772735,HIT
6,0.3,0.18,1,True,2.499999,HIT
7,0.6,0.18,1,Touch,5.012387,MISS
8,0.3,0.1,-1,True,0.01414108,HIT
9,0.6,0.1,-1,Touch,5.011406,MISS
10,0.3,0.18,-1,True,0.01427841,HIT
11,0.6,0.18,-1,Touch,5.010845,MISS
12,0.3,0.1,1,True,0.01402092,HIT
13,0.6,0.1,1,Touch,5.011471,MISS
14,0.3,0.18,1,True,0.01411438,HIT
0,0.3,0.1,-1,True,1.246407,HIT
1,0.6,0.1,-1,Touch,5.003682,MISS
2,0.3,0.18,-1,True,0.01413488,HIT
3,0.6,0.18,-1,Touch,5.012117,MISS
4,0.3,0.1,1,True,0.01400375,HIT
5,0.6,0.1,1,Touch,5.0114,MISS
6,0.3,0.18,1,True,2.588865,HIT
7,0.6,0.18,1,False,1.269382,HIT
8,0.3,0.1,-1,True,1.460001,HIT
9,0.6,0.1,-1,False,1.259998,HIT
10,0.3,0.18,-1,Pinch,5.003477,MISS
11,0.6,0.18,-1,False,0.8165207,HIT
12,0.3,0.1,1,True,1.360001,HIT
13,0.6,0.1,1,False,1.4,HIT
14,0.3,0.18,1,True,0.8399982,HIT
15,0.6,0.18,1,False,1,HIT
16,0.3,0.1,-1,True,0.9799995,HIT
17,0.6,0.1,-1,False,0.7999992,HIT
18,0.3,0.18,-1,True,0.9799995,HIT
19,0.6,0.18,-1,False,0.8800011,HIT
20,0.3,0.1,1,True,2.48,HIT
21,0.6,0.1,1,False,1.099998,HIT
22,0.3,0.18,1,True,2.5,HIT
23,0.6,0.18,1,False,1.059998,HIT
24,0.3,0.1,-1,True,0.9600029,HIT
25,0.6,0.1,-1,False,0.7999992,HIT
26,0.3,0.18,-1,True,2.679996,HIT
27,0.6,0.18,-1,False,0.7800026,HIT
28,0.3,0.1,1,True,2.519997,HIT
29,0.6,0.1,1,False,0.9400024,HIT
30,0.3,0.18,1,True,1.619999,HIT
31,0.6,0.18,1,False,0.8199997,HIT
32,0.6,0.18,1,Touch,5.004768,MISS
0,0.3,0.1,-1,True,2.150017,HIT
1,0.6,0.1,-1,False,3.889982,HIT
2,0.3,0.18,-1,True,1.259999,HIT
3,0.6,0.18,-1,False,0.8400002,HIT
4,0.3,0.1,1,True,1.659999,HIT
5,0.6,0.1,1,Touch,5.007713,MISS
6,0.3,0.18,1,True,0.6130085,HIT
7,0.6,0.18,1,Touch,5.010758,MISS
8,0.3,0.1,-1,True,0.01397514,HIT
9,0.6,0.1,-1,False,1.074541,HIT
10,0.3,0.18,-1,True,2.339998,HIT
11,0.6,0.18,-1,False,0.6800003,HIT
12,0.3,0.1,1,True,0.7399998,HIT
13,0.6,0.1,1,Touch,5.007549,MISS
14,0.3,0.18,1,True,0.01434898,HIT
15,0.6,0.18,1,Touch,5.006109,MISS
16,0.3,0.1,-1,True,2.404984,HIT
0,0.3,0.1,-1,Pinch,1.415608,HIT
1,0.6,0.1,-1,Touch,5.005988,MISS
2,0.3,0.18,-1,Pinch,0.6263041,HIT
3,0.6,0.18,-1,Touch,2.432096,HIT
4,0.3,0.1,1,Pinch,5.002066,MISS
5,0.6,0.1,1,Touch,5.011653,MISS
6,0.3,0.18,1,Pinch,0,HIT
7,0.6,0.18,1,Touch,5.010994,MISS
8,0.3,0.1,-1,Pinch,0.01408386,HIT
9,0.6,0.1,-1,Touch,5.010857,MISS
10,0.3,0.18,-1,Pinch,0.01418686,HIT
11,0.6,0.18,-1,Touch,0.5761528,HIT
12,0.3,0.1,1,Pinch,1.439999,HIT
13,0.6,0.1,1,Touch,2.74,HIT
14,0.3,0.18,1,Pinch,1.759998,HIT
15,0.6,0.18,1,Touch,0.7999992,HIT
16,0.3,0.1,-1,Pinch,2.280003,HIT
17,0.6,0.1,-1,Touch,1.339996,HIT
18,0.3,0.18,-1,Pinch,1.240002,HIT
19,0.6,0.18,-1,Touch,5.002941,MISS
20,0.3,0.1,1,Pinch,0.01383972,HIT
21,0.6,0.1,1,Touch,1.843216,HIT
22,0.3,0.18,1,Pinch,5.003361,MISS
23,0.6,0.18,1,Touch,5.001286,MISS
24,0.3,0.1,-1,Pinch,5.001881,MISS
25,0.6,0.1,-1,Touch,5.005211,MISS
26,0.3,0.18,-1,Pinch,5.001335,MISS
27,0.6,0.18,-1,Touch,5.004166,MISS
28,0.3,0.1,1,Pinch,5.003304,MISS
29,0.6,0.1,1,Touch,5.001671,MISS
30,0.3,0.18,1,Pinch,5.004509,MISS
31,0.6,0.18,1,Touch,5.000168,MISS
0,0.3,0.1,-1,Pinch,1.282091,HIT
1,0.6,0.1,-1,Touch,5.013384,MISS
2,0.3,0.18,-1,Pinch,0.01387024,HIT
3,0.6,0.18,-1,Touch,1.490652,HIT
4,0.3,0.1,1,Pinch,5.010427,MISS
5,0.6,0.1,1,Touch,5.011846,MISS
6,0.3,0.18,1,Pinch,0,HIT
7,0.6,0.18,1,Touch,5.011312,MISS
8,0.3,0.1,-1,Pinch,0.01401711,HIT
9,0.6,0.1,-1,Touch,5.011677,MISS
10,0.3,0.18,-1,Pinch,0.01386452,HIT
0,0.3,0.1,-1,Pinch,5.012818,MISS
1,0.6,0.1,-1,Touch,1.04718,HIT
2,0.3,0.18,-1,Pinch,5.009658,MISS
3,0.6,0.18,-1,Touch,0.9503393,HIT
4,0.3,0.1,1,Pinch,5.007485,MISS
5,0.6,0.1,1,Touch,1.072512,HIT
6,0.3,0.18,1,Pinch,5.0109,MISS
7,0.6,0.18,1,Touch,5.011698,MISS
8,0.3,0.1,-1,Pinch,0,HIT
9,0.6,0.1,-1,Touch,5.004427,MISS
10,0.3,0.18,-1,Pinch,5.000801,MISS
11,0.6,0.18,-1,Touch,5.003338,MISS
12,0.3,0.1,1,Pinch,5.000107,MISS
13,0.6,0.1,1,Touch,5.002865,MISS
14,0.3,0.18,1,Pinch,5.001831,MISS
15,0.6,0.18,1,Touch,5.000446,MISS
16,0.3,0.1,-1,Pinch,5.00061,MISS
17,0.6,0.1,-1,Touch,5.002312,MISS
18,0.3,0.18,-1,Pinch,5.003929,MISS
19,0.6,0.18,-1,Touch,5.004364,MISS
20,0.3,0.1,1,Pinch,5.00016,MISS
21,0.6,0.1,1,Touch,5.003967,MISS
22,0.3,0.18,1,Pinch,5.001945,MISS
23,0.6,0.18,1,Touch,5.002541,MISS
24,0.3,0.1,-1,Pinch,5.003098,MISS
25,0.6,0.1,-1,Touch,5.003624,MISS
26,0.3,0.18,-1,Pinch,5.00087,MISS
27,0.6,0.18,-1,Touch,5.002762,MISS
28,0.3,0.1,1,Pinch,5.000755,MISS
29,0.6,0.1,1,Touch,5.003708,MISS
30,0.3,0.18,1,Pinch,5.003616,MISS
31,0.6,0.18,1,Touch,5.000992,MISS
0,0.3,0.1,-1,Pinch,5.003854,MISS
1,0.6,0.1,-1,Touch,5.082552,MISS
2,0.3,0.18,-1,Pinch,4.676228,HIT
3,0.6,0.18,-1,Touch,1.29736,HIT
4,0.3,0.1,1,Pinch,5.011562,MISS
5,0.6,0.1,1,Touch,1.668436,HIT
6,0.3,0.18,1,Pinch,5.000137,MISS
7,0.6,0.18,1,Touch,5.011362,MISS
8,0.3,0.1,-1,Pinch,0.7516747,HIT
9,0.6,0.1,-1,Touch,4.456821,HIT
10,0.3,0.18,-1,Pinch,5.00967,MISS
11,0.6,0.18,-1,Touch,1.750328,HIT
12,0.3,0.1,1,Pinch,5.000629,MISS
13,0.6,0.1,1,Touch,5.021614,MISS
14,0.3,0.18,1,Pinch,0.4529648,HIT
15,0.6,0.18,1,Touch,5.00531,MISS
0,0.3,0.1,-1,Pinch,2.166309,HIT
1,0.6,0.1,-1,Touch,5.001564,MISS
2,0.3,0.18,-1,Pinch,4.246101,HIT
3,0.6,0.18,-1,Touch,1.226022,HIT
4,0.3,0.1,1,Pinch,5.011726,MISS
5,0.6,0.1,1,Touch,5.010187,MISS
6,0.3,0.18,1,Pinch,1.350302,HIT
0,0.3,0.1,-1,Pinch,3.059559,HIT
1,0.6,0.1,-1,Touch,1.12044,HIT
2,0.3,0.18,-1,Pinch,5.00777,MISS
3,0.6,0.18,-1,Touch,0.8322287,HIT
4,0.3,0.1,1,Pinch,5.000872,MISS
5,0.6,0.1,1,Touch,1.099127,HIT
6,0.3,0.18,1,Pinch,5.011736,MISS
7,0.6,0.18,1,Touch,5.011681,MISS
8,0.3,0.1,-1,Pinch,2.143896,HIT
9,0.6,0.1,-1,Touch,5.011124,MISS
10,0.3,0.18,-1,Pinch,5.011604,MISS
11,0.6,0.18,-1,Touch,5.011745,MISS
12,0.3,0.1,1,Pinch,4.594227,HIT
13,0.6,0.1,1,Touch,1.243973,HIT
14,0.3,0.18,1,Pinch,5.005871,MISS
15,0.6,0.18,1,Touch,0.8141289,HIT
16,0.3,0.1,-1,Pinch,5.005177,MISS
17,0.6,0.1,-1,Touch,2.85482,HIT
18,0.3,0.18,-1,Pinch,5.010136,MISS
19,0.6,0.18,-1,Touch,0.9498596,HIT
20,0.3,0.1,1,Pinch,5.00869,MISS
21,0.6,0.1,1,Touch,5.011803,MISS
22,0.3,0.18,1,Pinch,2.171242,HIT
23,0.6,0.18,1,Touch,1.388268,HIT
24,0.3,0.1,-1,Pinch,5.001373,MISS
25,0.6,0.1,-1,Touch,0.9786224,HIT
26,0.3,0.18,-1,Pinch,5.006966,MISS
27,0.6,0.18,-1,Touch,0.8930283,HIT
28,0.3,0.1,1,Pinch,5.009735,MISS
29,0.6,0.1,1,Touch,5.001793,MISS
30,0.3,0.18,1,Pinch,5.005051,MISS
31,0.6,0.18,1,Touch,5.001228,MISS
0,0.3,0.1,-1,Pinch,5.009376,MISS
1,0.6,0.1,-1,Touch,5.01327,MISS
2,0.3,0.18,-1,Pinch,5.011017,MISS
0,0.3,0.1,-1,Pinch,5.010062,MISS
1,0.6,0.1,-1,Touch,5.012972,MISS
2,0.3,0.18,-1,Pinch,5.010931,MISS
3,0.6,0.18,-1,Touch,1.546029,HIT
4,0.3,0.1,1,Pinch,5.011951,MISS
5,0.6,0.1,1,Touch,5.01037,MISS
6,0.3,0.18,1,Pinch,5.012102,MISS
0,0.3,0.1,-1,Pinch,5.008234,MISS
1,0.6,0.1,-1,Touch,0.7117643,HIT
2,0.3,0.18,-1,Pinch,5.010397,MISS
3,0.6,0.18,-1,Touch,2.3096,HIT
4,0.3,0.1,1,Pinch,5.0131,MISS
5,0.6,0.1,1,Touch,2.786898,HIT
6,0.3,0.18,1,Pinch,5.008863,MISS
7,0.6,0.18,1,Touch,0.8511353,HIT
8,0.3,0.1,-1,Pinch,5.009171,MISS
9,0.6,0.1,-1,Touch,0.9308262,HIT
10,0.3,0.18,-1,Pinch,5.013172,MISS
11,0.6,0.18,-1,Touch,1.866825,HIT
12,0.3,0.1,1,Pinch,5.010403,MISS
13,0.6,0.1,1,Touch,1.009598,HIT
14,0.3,0.18,1,Pinch,5.003811,MISS
15,0.6,0.18,1,Touch,0.8361855,HIT
16,0.3,0.1,-1,Pinch,5.010372,MISS
17,0.6,0.1,-1,Touch,1.029625,HIT
18,0.3,0.18,-1,Pinch,5.012417,MISS
19,0.6,0.18,-1,Touch,1.087582,HIT
20,0.3,0.1,1,Pinch,5.00021,MISS
21,0.6,0.1,1,Touch,5.004662,MISS
22,0.3,0.18,1,Pinch,2.865013,HIT
23,0.6,0.18,1,Touch,5.002548,MISS
24,0.3,0.1,-1,Pinch,5.004509,MISS
25,0.6,0.1,-1,Touch,5.003975,MISS
26,0.3,0.18,-1,Pinch,5.000938,MISS
27,0.6,0.18,-1,Touch,5.003273,MISS
28,0.3,0.1,1,Pinch,5.005257,MISS
29,0.6,0.1,1,Touch,5.004128,MISS
0,0.3,0.1,-1,Pinch,1.238002,HIT
1,0.6,0.1,-1,Touch,1.781997,HIT
2,0.3,0.18,-1,Pinch,5.004764,MISS
3,0.6,0.18,-1,Touch,0.7152338,HIT
4,0.3,0.1,1,Pinch,5.006637,MISS
5,0.6,0.1,1,Touch,0.9333611,HIT
6,0.3,0.18,1,Pinch,5.010303,MISS
7,0.6,0.18,1,Touch,5.011755,MISS
8,0.3,0.1,-1,Pinch,1.62907,HIT
9,0.6,0.1,-1,Touch,1.448866,HIT
10,0.3,0.18,-1,Pinch,5.013552,MISS
11,0.6,0.18,-1,Touch,0.6864471,HIT
12,0.3,0.1,1,Pinch,5.003712,MISS
13,0.6,0.1,1,Touch,4.056286,HIT
14,0.3,0.18,1,Pinch,5.006153,MISS
15,0.6,0.18,1,Touch,1.373844,HIT
16,0.3,0.1,-1,Pinch,5.002094,MISS
17,0.6,0.1,-1,Touch,3.217903,HIT
18,0.3,0.18,-1,Pinch,5.009239,MISS
19,0.6,0.18,-1,Touch,0.7107582,HIT
20,0.3,0.1,1,Pinch,5.010628,MISS
21,0.6,0.1,1,Touch,5.002953,MISS
22,0.3,0.18,1,Pinch,0.07350159,HIT
23,0.6,0.18,1,Touch,5.001686,MISS
0,0.3,0.1,-1,Pinch,2.685102,HIT
1,0.6,0.1,-1,Touch,1.174896,HIT
2,0.3,0.18,-1,Pinch,5.009276,MISS
3,0.6,0.18,-1,Touch,0.8107214,HIT
4,0.3,0.1,1,Pinch,5.008406,MISS
5,0.6,0.1,1,Touch,0.9915924,HIT
6,0.3,0.18,1,Pinch,5.00849,MISS
7,0.6,0.18,1,Touch,0.931509,HIT
8,0.3,0.1,-1,Pinch,5.012163,MISS
9,0.6,0.1,-1,Touch,1.047834,HIT
10,0.3,0.18,-1,Pinch,5.008177,MISS
11,0.6,0.18,-1,Touch,0.7118187,HIT
12,0.3,0.1,1,Pinch,5.008911,MISS
13,0.6,0.1,1,Touch,1.05109,HIT
14,0.3,0.18,1,Pinch,5.005154,MISS
15,0.6,0.18,1,Touch,0.9148445,HIT
16,0.3,0.1,-1,Pinch,5.00135,MISS
17,0.6,0.1,-1,Touch,0.8386459,HIT
18,0.3,0.18,-1,Pinch,5.00808,MISS
19,0.6,0.18,-1,Touch,5.001568,MISS
20,0.3,0.1,1,Pinch,5.00386,MISS
21,0.6,0.1,1,Touch,5.006172,MISS
22,0.3,0.18,1,Pinch,5.006111,MISS
23,0.6,0.18,1,Touch,5.000183,MISS
24,0.3,0.1,-1,Pinch,5.005394,MISS
25,0.6,0.1,-1,Touch,5.001945,MISS
26,0.3,0.18,-1,Pinch,5.001854,MISS
27,0.6,0.18,-1,Touch,5.000298,MISS
28,0.3,0.1,1,Pinch,5.003548,MISS
0,0.3,0.1,-1,Pinch,1.946146,HIT
1,0.6,0.1,-1,Touch,1.373852,HIT
2,0.3,0.18,-1,Pinch,5.006413,MISS
3,0.6,0.18,-1,Touch,0.8535852,HIT
4,0.3,0.1,1,Pinch,5.007437,MISS
5,0.6,0.1,1,Touch,1.752562,HIT
6,0.3,0.18,1,Pinch,5.01265,MISS
7,0.6,0.18,1,Touch,0.8273487,HIT
8,0.3,0.1,-1,Pinch,5.006144,MISS
9,0.6,0.1,-1,Touch,1.253853,HIT
10,0.3,0.18,-1,Pinch,5.010025,MISS
11,0.6,0.18,-1,Touch,1.049973,HIT
12,0.3,0.1,1,Pinch,5.005756,MISS
13,0.6,0.1,1,Touch,1.174244,HIT
14,0.3,0.18,1,Pinch,5.005547,MISS
0,0.3,0.1,-1,Pinch,2.36085,HIT
1,0.6,0.1,-1,Touch,1.459148,HIT
2,0.3,0.18,-1,Pinch,5.004752,MISS
3,0.6,0.18,-1,Touch,0.6552458,HIT
4,0.3,0.1,1,Pinch,5.0104,MISS
5,0.6,0.1,1,Touch,0.9895983,HIT
6,0.3,0.18,1,Pinch,5.010585,MISS
7,0.6,0.18,1,Touch,0.8494129,HIT
8,0.3,0.1,-1,Pinch,5.010149,MISS
9,0.6,0.1,-1,Touch,5.002634,MISS
10,0.3,0.18,-1,Pinch,5.002083,MISS
11,0.6,0.18,-1,Touch,5.002392,MISS
12,0.3,0.1,1,Pinch,4.025211,HIT
0,0.3,0.1,-1,Pinch,1.265519,HIT
1,0.6,0.1,-1,Touch,2.794479,HIT
2,0.3,0.18,-1,Pinch,5.006952,MISS
3,0.6,0.18,-1,Touch,0.7130461,HIT
4,0.3,0.1,1,Pinch,5.008705,MISS
5,0.6,0.1,1,Touch,1.251293,HIT
6,0.3,0.18,1,Pinch,5.013359,MISS
7,0.6,0.18,1,Touch,5.01165,MISS
8,0.3,0.1,-1,Pinch,0.1249676,HIT
9,0.6,0.1,-1,Touch,5.004982,MISS
0,0.3,0.1,-1,Pinch,1.566271,HIT
1,0.6,0.1,-1,Touch,1.453728,HIT
2,0.3,0.18,-1,Pinch,5.01041,MISS
3,0.6,0.18,-1,Touch,0.789588,HIT
4,0.3,0.1,1,Pinch,5.001569,MISS
5,0.6,0.1,1,Touch,0.7984295,HIT
6,0.3,0.18,1,Pinch,5.006203,MISS
7,0.6,0.18,1,Touch,0.9937954,HIT
8,0.3,0.1,-1,Pinch,5.006987,MISS
9,0.6,0.1,-1,Touch,1.213011,HIT
10,0.3,0.18,-1,Pinch,5.008951,MISS
11,0.6,0.18,-1,Touch,0.7910461,HIT
12,0.3,0.1,1,Pinch,5.011959,MISS
13,0.6,0.1,1,Touch,1.648041,HIT
14,0.3,0.18,1,Pinch,5.007729,MISS
15,0.6,0.18,1,Touch,1.332268,HIT
16,0.3,0.1,-1,Pinch,5.002022,MISS
17,0.6,0.1,-1,Touch,0.8979759,HIT
18,0.3,0.18,-1,Pinch,5.004467,MISS
19,0.6,0.18,-1,Touch,0.8755302,HIT
20,0.3,0.1,1,Pinch,5.013138,MISS
21,0.6,0.1,1,Touch,0.846859,HIT
22,0.3,0.18,1,Pinch,5.001045,MISS
23,0.6,0.18,1,Touch,5.000031,MISS
0,0.3,0.1,-1,Pinch,1.219739,HIT
1,0.6,0.1,-1,Touch,1.740259,HIT
2,0.3,0.18,-1,Pinch,5.010054,MISS
3,0.6,0.18,-1,Touch,0.909945,HIT
4,0.3,0.1,1,Pinch,5.00688,MISS
5,0.6,0.1,1,Touch,1.053118,HIT
6,0.3,0.18,1,Pinch,5.002028,MISS
7,0.6,0.18,1,Touch,0.6579704,HIT
8,0.3,0.1,-1,Pinch,5.008432,MISS
9,0.6,0.1,-1,Touch,1.171566,HIT
10,0.3,0.18,-1,Pinch,5.009373,MISS
11,0.6,0.18,-1,Touch,5.004562,MISS
0,0.3,0.1,-1,Pinch,5.01073,MISS
1,0.6,0.1,-1,Touch,1.349268,HIT
2,0.3,0.18,-1,Pinch,5.013349,MISS
3,0.6,0.18,-1,Touch,1.606649,HIT
4,0.3,0.1,1,Pinch,5.005329,MISS
5,0.6,0.1,1,Touch,1.434668,HIT
6,0.3,0.18,1,Pinch,5.011126,MISS
7,0.6,0.18,1,Touch,1.088873,HIT
8,0.3,0.1,-1,Pinch,5.008585,MISS
0,0.3,0.1,-1,Pinch,1.178493,HIT
1,0.6,0.1,-1,Touch,1.401506,HIT
2,0.3,0.18,-1,Pinch,5.005331,MISS
3,0.6,0.18,-1,Touch,1.074667,HIT
4,0.3,0.1,1,Pinch,5.00892,MISS
5,0.6,0.1,1,Touch,0.851078,HIT
6,0.3,0.18,1,Pinch,5.009338,MISS
7,0.6,0.18,1,Touch,0.67066,HIT
8,0.3,0.1,-1,Pinch,5.009172,MISS
9,0.6,0.1,-1,Touch,5.000975,MISS
10,0.3,0.18,-1,Pinch,1.243029,HIT
0,0.3,0.1,-1,Pinch,5.012969,MISS
1,0.6,0.1,-1,Touch,1.607028,HIT
2,0.3,0.18,-1,Pinch,5.006906,MISS
3,0.6,0.18,-1,Touch,0.9130917,HIT
4,0.3,0.1,1,Pinch,5.00305,MISS
5,0.6,0.1,1,Touch,2.576948,HIT
6,0.3,0.18,1,Pinch,5.009472,MISS
0,0.3,0.1,-1,Pinch,5.005934,MISS
1,0.6,0.1,-1,Touch,1.134064,HIT
2,0.3,0.18,-1,Pinch,5.004463,MISS
3,0.6,0.18,-1,Touch,0.9755354,HIT
4,0.3,0.1,1,Pinch,5.010484,MISS
5,0.6,0.1,1,Touch,1.289515,HIT
6,0.3,0.18,1,Pinch,5.002722,MISS
7,0.6,0.18,1,Touch,0.8372746,HIT
8,0.3,0.1,-1,Pinch,5.004025,MISS
0,0.3,0.1,-1,Pinch,5.013353,MISS
1,0.6,0.1,-1,Touch,2.266644,HIT
2,0.3,0.18,-1,Pinch,5.001543,MISS
3,0.6,0.18,-1,Touch,1.018456,HIT
4,0.3,0.1,1,Pinch,5.009333,MISS
5,0.6,0.1,1,Touch,1.390665,HIT
6,0.3,0.18,1,Pinch,5.013151,MISS
7,0.6,0.18,1,Touch,1.226847,HIT
8,0.3,0.1,-1,Pinch,5.0093,MISS
9,0.6,0.1,-1,Touch,5.008568,MISS
10,0.3,0.18,-1,Pinch,5.003956,MISS
0,0.3,0.1,-1,Pinch,5.01394,MISS
1,0.6,0.1,-1,Touch,2.286057,HIT
2,0.3,0.18,-1,Pinch,5.009431,MISS
3,0.6,0.18,-1,Touch,1.570567,HIT
4,0.3,0.1,1,Pinch,5.011972,MISS
5,0.6,0.1,1,Touch,1.948025,HIT
6,0.3,0.18,1,Pinch,5.003035,MISS
7,0.6,0.18,1,Touch,1.016964,HIT
8,0.3,0.1,-1,Pinch,5.010237,MISS
9,0.6,0.1,-1,Touch,1.26976,HIT
10,0.3,0.18,-1,Pinch,5.007885,MISS
11,0.6,0.18,-1,Touch,0.8921127,HIT
12,0.3,0.1,1,Pinch,5.011749,MISS
0,0.3,0.1,-1,Pinch,5.008898,MISS
1,0.6,0.1,-1,Touch,1.0111,HIT
2,0.3,0.18,-1,Pinch,5.003707,MISS
3,0.6,0.18,-1,Touch,0.9962902,HIT
4,0.3,0.1,1,Pinch,5.003787,MISS
5,0.6,0.1,1,Touch,1.016211,HIT
6,0.3,0.18,1,Pinch,5.011377,MISS
7,0.6,0.18,1,Touch,1.30862,HIT
8,0.3,0.1,-1,Pinch,5.011644,MISS
9,0.6,0.1,-1,Touch,2.608353,HIT
10,0.3,0.18,-1,Pinch,5.006191,MISS
11,0.6,0.18,-1,Touch,1.433807,HIT
12,0.3,0.1,1,Pinch,5.011292,MISS
13,0.6,0.1,1,Touch,1.268707,HIT
14,0.3,0.18,1,Pinch,5.009727,MISS
15,0.6,0.18,1,Touch,5.000557,MISS
0,0.3,0.1,-1,Pinch,5.002648,MISS
1,0.6,0.1,-1,Touch,5.004208,MISS
2,0.3,0.18,-1,Pinch,5.00289,MISS
3,0.6,0.18,-1,Touch,5.005589,MISS
0,0.3,0.1,-1,Pinch,5.00278,MISS
0,0.3,0.1,-1,Pinch,3.109757,HIT
1,0.6,0.1,-1,Touch,1.370242,HIT
2,0.3,0.18,-1,Pinch,5.000041,MISS
3,0.6,0.18,-1,Touch,1.639956,HIT
4,0.3,0.1,1,Pinch,5.001388,MISS
5,0.6,0.1,1,Touch,0.8786106,HIT
6,0.3,0.18,1,Pinch,5.01025,MISS
7,0.6,0.18,1,Touch,0.7697468,HIT
8,0.3,0.1,-1,Pinch,5.007982,MISS
9,0.6,0.1,-1,Touch,0.792017,HIT
10,0.3,0.18,-1,Pinch,5.012993,MISS
11,0.6,0.18,-1,Touch,0.7870064,HIT
12,0.3,0.1,1,Pinch,5.004265,MISS
13,0.6,0.1,1,Touch,1.035732,HIT
14,0.3,0.18,1,Pinch,5.006435,MISS
15,0.6,0.18,1,Touch,0.7535629,HIT
16,0.3,0.1,-1,Pinch,5.010567,MISS
17,0.6,0.1,-1,Touch,0.9294281,HIT
18,0.3,0.18,-1,Pinch,5.001118,MISS
0,0.3,0.1,-1,Pinch,4.820364,HIT
1,0.6,0.1,-1,Touch,1.339634,HIT
2,0.3,0.18,-1,Pinch,5.012167,MISS
3,0.6,0.18,-1,Touch,0.6878309,HIT
4,0.3,0.1,1,Pinch,5.006261,MISS
0,0.3,0.1,-1,Pinch,2.956235,HIT
1,0.6,0.1,-1,Touch,0.9837639,HIT
2,0.3,0.18,-1,Pinch,5.006799,MISS
0,0.3,0.1,-1,Pinch,2.605478,HIT
1,0.6,0.1,-1,Touch,1.49452,HIT
2,0.3,0.18,-1,Pinch,5.008987,MISS
3,0.6,0.18,-1,Touch,0.671011,HIT
4,0.3,0.1,1,Pinch,5.008713,MISS
5,0.6,0.1,1,Touch,5.001949,MISS
0,0.3,0.1,-1,Pinch,5.003478,MISS
1,0.6,0.1,-1,Touch,5.012092,MISS
2,0.3,0.18,-1,Pinch,5.012819,MISS
0,0.3,0.1,-1,Pinch,5.000873,MISS
1,0.6,0.1,-1,Touch,3.399124,HIT
2,0.3,0.18,-1,Pinch,0.9719343,HIT
3,0.6,0.18,-1,Touch,0.8080654,HIT
4,0.3,0.1,1,Pinch,0.75173,HIT
5,0.6,0.1,1,Touch,0.6282692,HIT
6,0.3,0.18,1,Pinch,0.61063,HIT
7,0.6,0.18,1,Touch,0.5493698,HIT
8,0.3,0.1,-1,Pinch,0.4112148,HIT
9,0.6,0.1,-1,Touch,0.6287851,HIT
10,0.3,0.18,-1,Pinch,0.3457966,HIT
11,0.6,0.18,-1,Touch,0.8342028,HIT
12,0.3,0.1,1,Pinch,0.7807331,HIT
13,0.6,0.1,1,Touch,0.7192669,HIT
14,0.3,0.18,1,Pinch,1.911791,HIT
15,0.6,0.18,1,Touch,2.428207,HIT
16,0.3,0.1,-1,Pinch,3.404816,HIT
17,0.6,0.1,-1,Touch,0.9351826,HIT
18,0.3,0.18,-1,Pinch,1.904568,HIT
19,0.6,0.18,-1,Touch,0.9354305,HIT
20,0.3,0.1,1,Pinch,1.43111,HIT
21,0.6,0.1,1,Touch,0.8688889,HIT
22,0.3,0.18,1,Pinch,0.9407845,HIT
23,0.6,0.18,1,Touch,0.7992153,HIT
24,0.3,0.1,-1,Pinch,1.219551,HIT
25,0.6,0.1,-1,Touch,0.740448,HIT
26,0.3,0.18,-1,Pinch,1.194016,HIT
27,0.6,0.18,-1,Touch,0.6459846,HIT
28,0.3,0.1,1,Pinch,0.8575745,HIT
29,0.6,0.1,1,Touch,0.7024231,HIT
30,0.3,0.18,1,Pinch,0.7875519,HIT
31,0.6,0.18,1,Touch,0.8124504,HIT
0,0.3,0.1,-1,Pinch,2.566439,HIT
1,0.6,0.1,-1,Touch,0.6335602,HIT
2,0.3,0.18,-1,Pinch,0.8858247,HIT
3,0.6,0.18,-1,Touch,0.7541747,HIT
4,0.3,0.1,1,Pinch,0.7923813,HIT
5,0.6,0.1,1,Touch,0.7676182,HIT
6,0.3,0.18,1,Pinch,0.7642698,HIT
7,0.6,0.18,1,Touch,0.7557297,HIT
8,0.3,0.1,-1,Pinch,1.081771,HIT
9,0.6,0.1,-1,Touch,0.8782282,HIT
10,0.3,0.18,-1,Pinch,2.25399,HIT
11,0.6,0.18,-1,Touch,1.506009,HIT
12,0.3,0.1,1,Pinch,2.36393,HIT
13,0.6,0.1,1,Touch,0.8760681,HIT
14,0.3,0.18,1,Pinch,0.9892044,HIT
15,0.6,0.18,1,Touch,0.9507961,HIT
16,0.3,0.1,-1,Pinch,0.8730717,HIT
17,0.6,0.1,-1,Touch,0.8669262,HIT
18,0.3,0.18,-1,Pinch,0.789175,HIT
19,0.6,0.18,-1,Touch,0.8108253,HIT
20,0.3,0.1,1,Pinch,1.570177,HIT
21,0.6,0.1,1,Touch,0.7498226,HIT
22,0.3,0.18,1,Pinch,2.145765,HIT
23,0.6,0.18,1,Touch,1.734232,HIT
24,0.3,0.1,-1,Pinch,1.606625,HIT
25,0.6,0.1,-1,Touch,0.8333759,HIT
26,0.3,0.18,-1,Pinch,1.337908,HIT
27,0.6,0.18,-1,Touch,2.382092,HIT
28,0.3,0.1,1,Pinch,0.7225952,HIT
29,0.6,0.1,1,Touch,0.8774033,HIT
30,0.3,0.18,1,Pinch,5.00351,MISS
0,0.3,0.1,-1,Pinch,2.449447,HIT
1,0.6,0.1,-1,Touch,0.9505517,HIT
2,0.3,0.18,-1,Pinch,1.823923,HIT
3,0.6,0.18,-1,Touch,0.7760763,HIT
4,0.3,0.1,1,Pinch,1.131451,HIT
5,0.6,0.1,1,Touch,1.188548,HIT
6,0.3,0.18,1,Pinch,1.025738,HIT
7,0.6,0.18,1,Touch,1.334262,HIT
8,0.3,0.1,-1,Pinch,0.7256498,HIT
9,0.6,0.1,-1,Touch,1.854349,HIT
10,0.3,0.18,-1,Pinch,1.110965,HIT
11,0.6,0.18,-1,Touch,1.009034,HIT
12,0.3,0.1,1,Pinch,0.953908,HIT
13,0.6,0.1,1,Touch,1.546091,HIT
14,0.3,0.18,1,Pinch,1.850586,HIT
15,0.6,0.18,1,Touch,5.005508,MISS
0,0.3,0.1,-1,Pinch,2.507417,HIT
1,0.6,0.1,-1,Touch,1.512581,HIT
2,0.3,0.18,-1,Pinch,0.7731948,HIT
3,0.6,0.18,-1,Touch,1.686804,HIT
4,0.3,0.1,1,Pinch,1.140003,HIT
5,0.6,0.1,1,Touch,1.279996,HIT
6,0.3,0.18,1,Pinch,2.061247,HIT
7,0.6,0.18,1,Touch,1.058752,HIT
8,0.3,0.1,-1,Pinch,1.669808,HIT
9,0.6,0.1,-1,Touch,1.090191,HIT
10,0.3,0.18,-1,Pinch,5.004633,MISS
0,0.3,0.1,-1,Pinch,5.005502,MISS
1,0.6,0.1,-1,Touch,2.594495,HIT
2,0.3,0.18,-1,Pinch,1.511637,HIT
3,0.6,0.18,-1,Touch,0.7483625,HIT
4,0.3,0.1,1,Pinch,1.410149,HIT
5,0.6,0.1,1,Touch,0.9098501,HIT
6,0.3,0.18,1,Pinch,0.9137716,HIT
7,0.6,0.18,1,Touch,0.6662283,HIT
8,0.3,0.1,-1,Pinch,0.8516684,HIT
9,0.6,0.1,-1,Touch,0.8083305,HIT
10,0.3,0.18,-1,Pinch,0.9314976,HIT
11,0.6,0.18,-1,Touch,0.8085022,HIT
12,0.3,0.1,1,Pinch,0.9733505,HIT
13,0.6,0.1,1,Touch,0.8666477,HIT
14,0.3,0.18,1,Pinch,0.8038387,HIT
15,0.6,0.18,1,Touch,1.056162,HIT
16,0.3,0.1,-1,Pinch,0.8371449,HIT
17,0.6,0.1,-1,Touch,0.8828545,HIT
18,0.3,0.18,-1,Pinch,0.8709927,HIT
19,0.6,0.18,-1,Touch,0.9290066,HIT
20,0.3,0.1,1,Pinch,2.356483,HIT
21,0.6,0.1,1,Touch,0.9635143,HIT
22,0.3,0.18,1,Pinch,0.8600426,HIT
23,0.6,0.18,1,Touch,0.8599567,HIT
24,0.3,0.1,-1,Pinch,2.202448,HIT
25,0.6,0.1,-1,Touch,1.437553,HIT
26,0.3,0.18,-1,Pinch,0.9846764,HIT
27,0.6,0.18,-1,Touch,0.9353218,HIT
28,0.3,0.1,1,Pinch,0.7907753,HIT
29,0.6,0.1,1,Touch,0.7492218,HIT
30,0.3,0.18,1,Pinch,0.8657036,HIT
31,0.6,0.18,1,Touch,0.6542969,HIT
0,0.3,0.1,-1,Pinch,2.527742,HIT
1,0.6,0.1,-1,Touch,0.8922572,HIT
2,0.3,0.18,-1,Pinch,1.030349,HIT
3,0.6,0.18,-1,Touch,0.7096496,HIT
4,0.3,0.1,1,Pinch,1.129381,HIT
5,0.6,0.1,1,Touch,0.9106188,HIT
6,0.3,0.18,1,Pinch,0.5652075,HIT
7,0.6,0.18,1,Touch,0.8947921,HIT
8,0.3,0.1,-1,Pinch,0.5810471,HIT
9,0.6,0.1,-1,Touch,0.9389524,HIT
10,0.3,0.18,-1,Pinch,0.8843746,HIT
11,0.6,0.18,-1,Touch,1.395624,HIT
12,0.3,0.1,1,Pinch,0.9434395,HIT
13,0.6,0.1,1,Touch,0.7165604,HIT
14,0.3,0.18,1,Pinch,0.8838625,HIT
15,0.6,0.18,1,Touch,0.6561365,HIT
16,0.3,0.1,-1,Pinch,0.7918568,HIT
17,0.6,0.1,-1,Touch,0.7481422,HIT
18,0.3,0.18,-1,Pinch,0.7274227,HIT
19,0.6,0.18,-1,Touch,0.7125778,HIT
20,0.3,0.1,1,Pinch,0.7492046,HIT
21,0.6,0.1,1,Touch,0.7107944,HIT
22,0.3,0.18,1,Pinch,0.6671715,HIT
23,0.6,0.18,1,Touch,0.7128277,HIT
24,0.3,0.1,-1,Pinch,0.7906628,HIT
25,0.6,0.1,-1,Touch,0.7693367,HIT
26,0.3,0.18,-1,Pinch,0.7897739,HIT
27,0.6,0.18,-1,Touch,0.8102264,HIT
28,0.3,0.1,1,Pinch,0.8325977,HIT
29,0.6,0.1,1,Touch,0.7274017,HIT
30,0.3,0.18,1,Pinch,0.8731194,HIT
31,0.6,0.18,1,Touch,0.7268791,HIT
0,0.3,0.1,-1,Pinch,3.773341,HIT
1,0.6,0.1,-1,Touch,0.8066576,HIT
2,0.3,0.18,-1,Pinch,0.879436,HIT
3,0.6,0.18,-1,Touch,1.180563,HIT
4,0.3,0.1,1,Pinch,1.228105,HIT
5,0.6,0.1,1,Touch,0.8518939,HIT
6,0.3,0.18,1,Pinch,0.8324623,HIT
7,0.6,0.18,1,Touch,0.7275372,HIT
8,0.3,0.1,-1,Pinch,0.9437904,HIT
9,0.6,0.1,-1,Touch,0.7762098,HIT
10,0.3,0.18,-1,Pinch,0.6569281,HIT
11,0.6,0.18,-1,Touch,0.7030706,HIT
12,0.3,0.1,1,Pinch,0.689292,HIT
13,0.6,0.1,1,Touch,0.7107077,HIT
14,0.3,0.18,1,Pinch,0.7927141,HIT
15,0.6,0.18,1,Touch,0.6472864,HIT
16,0.3,0.1,-1,Pinch,0.716835,HIT
17,0.6,0.1,-1,Touch,0.6631641,HIT
18,0.3,0.18,-1,Pinch,0.6313877,HIT
19,0.6,0.18,-1,Touch,0.5886116,HIT
20,0.3,0.1,1,Pinch,0.6923676,HIT
21,0.6,0.1,1,Touch,0.7276325,HIT
22,0.3,0.18,1,Pinch,0.7615833,HIT
23,0.6,0.18,1,Touch,5.005365,MISS
0,0.3,0.1,-1,Pinch,5.013709,MISS
1,0.6,0.1,-1,Touch,1.319449,HIT
2,0.3,0.18,-1,Pinch,0.7104483,HIT
3,0.6,0.18,-1,Touch,0.8186426,HIT
4,0.3,0.1,1,Pinch,2.75667,HIT
5,0.6,0.1,1,Touch,2.418186,HIT
6,0.3,0.18,1,Pinch,1.01601,HIT
7,0.6,0.18,1,Touch,2.497465,HIT
8,0.3,0.1,-1,Pinch,1.420031,HIT
9,0.6,0.1,-1,Touch,3.749628,HIT
10,0.3,0.18,-1,Pinch,0.5982037,HIT
11,0.6,0.18,-1,Touch,4.370255,HIT
12,0.3,0.1,1,Pinch,0.9074898,HIT
13,0.6,0.1,1,Touch,3.374153,HIT
14,0.3,0.18,1,Pinch,0.515358,HIT
15,0.6,0.18,1,Touch,1.371616,HIT
16,0.3,0.1,-1,Pinch,5.012077,MISS
17,0.6,0.1,-1,Touch,5.01141,MISS
18,0.3,0.18,-1,Pinch,5.011177,MISS
19,0.6,0.18,-1,Touch,5.011696,MISS
